"filename", "language", "PostCSS", "JavaScript", "JSON", "Markdown", "HTML", "Dotenv", "C#", "XML", "Properties", "comment", "blank", "total"
"c:\Users\Ignas\Desktop\KTU\VIII semestras\Bakalauro baigiamasis projektas\Siuntų valdymo posistemė\backend\Bakalauras.API\Bakalauras.API.csproj", "XML", 0, 0, 0, 0, 0, 0, 0, -30, 0, 0, -4, -34
"c:\Users\Ignas\Desktop\KTU\VIII semestras\Bakalauro baigiamasis projektas\Siuntų valdymo posistemė\backend\Bakalauras.API\Controllers\AuthController.cs", "C#", 0, 0, 0, 0, 0, 0, -157, 0, 0, -9, -34, -200
"c:\Users\Ignas\Desktop\KTU\VIII semestras\Bakalauro baigiamasis projektas\Siuntų valdymo posistemė\backend\Bakalauras.API\Controllers\AuthExtensions.cs", "C#", 0, 0, 0, 0, 0, 0, -21, 0, 0, -1, -5, -27
"c:\Users\Ignas\Desktop\KTU\VIII semestras\Bakalauro baigiamasis projektas\Siuntų valdymo posistemė\backend\Bakalauras.API\Controllers\ClientOrdersController.cs", "C#", 0, 0, 0, 0, 0, 0, -477, 0, 0, -37, -53, -567
"c:\Users\Ignas\Desktop\KTU\VIII semestras\Bakalauro baigiamasis projektas\Siuntų valdymo posistemė\backend\Bakalauras.API\Controllers\CompaniesController.cs", "C#", 0, 0, 0, 0, 0, 0, -438, 0, 0, -33, -95, -566
"c:\Users\Ignas\Desktop\KTU\VIII semestras\Bakalauro baigiamasis projektas\Siuntų valdymo posistemė\backend\Bakalauras.API\Controllers\CompanyIntegrationsController.cs", "C#", 0, 0, 0, 0, 0, 0, -195, 0, 0, -22, -52, -269
"c:\Users\Ignas\Desktop\KTU\VIII semestras\Bakalauro baigiamasis projektas\Siuntų valdymo posistemė\backend\Bakalauras.API\Controllers\CourierShipmentController.cs", "C#", 0, 0, 0, 0, 0, 0, -252, 0, 0, -35, -39, -326
"c:\Users\Ignas\Desktop\KTU\VIII semestras\Bakalauro baigiamasis projektas\Siuntų valdymo posistemė\backend\Bakalauras.API\Controllers\CouriersController.cs", "C#", 0, 0, 0, 0, 0, 0, -125, 0, 0, -27, -26, -178
"c:\Users\Ignas\Desktop\KTU\VIII semestras\Bakalauro baigiamasis projektas\Siuntų valdymo posistemė\backend\Bakalauras.API\Controllers\DashboardController.cs", "C#", 0, 0, 0, 0, 0, 0, -412, 0, 0, -24, -70, -506
"c:\Users\Ignas\Desktop\KTU\VIII semestras\Bakalauro baigiamasis projektas\Siuntų valdymo posistemė\backend\Bakalauras.API\Controllers\GenericCourierController.cs", "C#", 0, 0, 0, 0, 0, 0, -70, 0, 0, -10, -13, -93
"c:\Users\Ignas\Desktop\KTU\VIII semestras\Bakalauro baigiamasis projektas\Siuntų valdymo posistemė\backend\Bakalauras.API\Controllers\NotificationsController.cs", "C#", 0, 0, 0, 0, 0, 0, -68, 0, 0, -1, -19, -88
"c:\Users\Ignas\Desktop\KTU\VIII semestras\Bakalauro baigiamasis projektas\Siuntų valdymo posistemė\backend\Bakalauras.API\Controllers\OrdersController.cs", "C#", 0, 0, 0, 0, 0, 0, -589, 0, 0, -39, -86, -714
"c:\Users\Ignas\Desktop\KTU\VIII semestras\Bakalauro baigiamasis projektas\Siuntų valdymo posistemė\backend\Bakalauras.API\Controllers\PasswordResetController.cs", "C#", 0, 0, 0, 0, 0, 0, -79, 0, 0, -19, -28, -126
"c:\Users\Ignas\Desktop\KTU\VIII semestras\Bakalauro baigiamasis projektas\Siuntų valdymo posistemė\backend\Bakalauras.API\Controllers\ProductsController.cs", "C#", 0, 0, 0, 0, 0, 0, -401, 0, 0, -18, -95, -514
"c:\Users\Ignas\Desktop\KTU\VIII semestras\Bakalauro baigiamasis projektas\Siuntų valdymo posistemė\backend\Bakalauras.API\Controllers\ProfileController.cs", "C#", 0, 0, 0, 0, 0, 0, -146, 0, 0, -5, -33, -184
"c:\Users\Ignas\Desktop\KTU\VIII semestras\Bakalauro baigiamasis projektas\Siuntų valdymo posistemė\backend\Bakalauras.API\Controllers\ReturnsController.cs", "C#", 0, 0, 0, 0, 0, 0, -457, 0, 0, -37, -78, -572
"c:\Users\Ignas\Desktop\KTU\VIII semestras\Bakalauro baigiamasis projektas\Siuntų valdymo posistemė\backend\Bakalauras.API\Controllers\ShipmentController.cs", "C#", 0, 0, 0, 0, 0, 0, -663, 0, 0, -38, -104, -805
"c:\Users\Ignas\Desktop\KTU\VIII semestras\Bakalauro baigiamasis projektas\Siuntų valdymo posistemė\backend\Bakalauras.API\Controllers\ShipmentLabelsController.cs", "C#", 0, 0, 0, 0, 0, 0, -112, 0, 0, -26, -29, -167
"c:\Users\Ignas\Desktop\KTU\VIII semestras\Bakalauro baigiamasis projektas\Siuntų valdymo posistemė\backend\Bakalauras.API\Controllers\TrackingController.cs", "C#", 0, 0, 0, 0, 0, 0, -149, 0, 0, -13, -19, -181
"c:\Users\Ignas\Desktop\KTU\VIII semestras\Bakalauro baigiamasis projektas\Siuntų valdymo posistemė\backend\Bakalauras.API\Controllers\UsersController.cs", "C#", 0, 0, 0, 0, 0, 0, -328, 0, 0, -22, -58, -408
"c:\Users\Ignas\Desktop\KTU\VIII semestras\Bakalauro baigiamasis projektas\Siuntų valdymo posistemė\backend\Bakalauras.API\DTOs\ButentClientDto.cs", "C#", 0, 0, 0, 0, 0, 0, -23, 0, 0, 0, -1, -24
"c:\Users\Ignas\Desktop\KTU\VIII semestras\Bakalauro baigiamasis projektas\Siuntų valdymo posistemė\backend\Bakalauras.API\DTOs\ButentOrdersDto.cs", "C#", 0, 0, 0, 0, 0, 0, -45, 0, 0, 0, -8, -53
"c:\Users\Ignas\Desktop\KTU\VIII semestras\Bakalauro baigiamasis projektas\Siuntų valdymo posistemė\backend\Bakalauras.API\DTOs\ButentProductDto.cs", "C#", 0, 0, 0, 0, 0, 0, -38, 0, 0, 0, -3, -41
"c:\Users\Ignas\Desktop\KTU\VIII semestras\Bakalauro baigiamasis projektas\Siuntų valdymo posistemė\backend\Bakalauras.API\DTOs\ClientOrderDto.cs", "C#", 0, 0, 0, 0, 0, 0, -40, 0, 0, -6, -5, -51
"c:\Users\Ignas\Desktop\KTU\VIII semestras\Bakalauro baigiamasis projektas\Siuntų valdymo posistemė\backend\Bakalauras.API\DTOs\CompaniesDTO.cs", "C#", 0, 0, 0, 0, 0, 0, -38, 0, 0, -6, -6, -50
"c:\Users\Ignas\Desktop\KTU\VIII semestras\Bakalauro baigiamasis projektas\Siuntų valdymo posistemė\backend\Bakalauras.API\DTOs\CompanyIntegrationDto.cs", "C#", 0, 0, 0, 0, 0, 0, -20, 0, 0, 0, -1, -21
"c:\Users\Ignas\Desktop\KTU\VIII semestras\Bakalauro baigiamasis projektas\Siuntų valdymo posistemė\backend\Bakalauras.API\DTOs\CourierDtos.cs", "C#", 0, 0, 0, 0, 0, 0, -26, 0, 0, -6, -3, -35
"c:\Users\Ignas\Desktop\KTU\VIII semestras\Bakalauro baigiamasis projektas\Siuntų valdymo posistemė\backend\Bakalauras.API\DTOs\GoogleLoginDto.cs", "C#", 0, 0, 0, 0, 0, 0, -7, 0, 0, 0, 0, -7
"c:\Users\Ignas\Desktop\KTU\VIII semestras\Bakalauro baigiamasis projektas\Siuntų valdymo posistemė\backend\Bakalauras.API\DTOs\LoginDto.cs", "C#", 0, 0, 0, 0, 0, 0, -8, 0, 0, 0, 0, -8
"c:\Users\Ignas\Desktop\KTU\VIII semestras\Bakalauro baigiamasis projektas\Siuntų valdymo posistemė\backend\Bakalauras.API\DTOs\OrderDto.cs", "C#", 0, 0, 0, 0, 0, 0, -46, 0, 0, -16, -7, -69
"c:\Users\Ignas\Desktop\KTU\VIII semestras\Bakalauro baigiamasis projektas\Siuntų valdymo posistemė\backend\Bakalauras.API\DTOs\ProductDto.cs", "C#", 0, 0, 0, 0, 0, 0, -25, 0, 0, -3, -2, -30
"c:\Users\Ignas\Desktop\KTU\VIII semestras\Bakalauro baigiamasis projektas\Siuntų valdymo posistemė\backend\Bakalauras.API\DTOs\ProfileInfoDto.cs", "C#", 0, 0, 0, 0, 0, 0, -19, 0, 0, 0, -2, -21
"c:\Users\Ignas\Desktop\KTU\VIII semestras\Bakalauro baigiamasis projektas\Siuntų valdymo posistemė\backend\Bakalauras.API\DTOs\RegisterDto.cs", "C#", 0, 0, 0, 0, 0, 0, -10, 0, 0, 0, 0, -10
"c:\Users\Ignas\Desktop\KTU\VIII semestras\Bakalauro baigiamasis projektas\Siuntų valdymo posistemė\backend\Bakalauras.API\DTOs\Shipmentdtos.cs", "C#", 0, 0, 0, 0, 0, 0, -31, 0, 0, -8, -10, -49
"c:\Users\Ignas\Desktop\KTU\VIII semestras\Bakalauro baigiamasis projektas\Siuntų valdymo posistemė\backend\Bakalauras.API\DTOs\StatsDto.cs", "C#", 0, 0, 0, 0, 0, 0, -17, 0, 0, 0, -1, -18
"c:\Users\Ignas\Desktop\KTU\VIII semestras\Bakalauro baigiamasis projektas\Siuntų valdymo posistemė\backend\Bakalauras.API\DTOs\UserDto.cs", "C#", 0, 0, 0, 0, 0, 0, -20, 0, 0, -8, -3, -31
"c:\Users\Ignas\Desktop\KTU\VIII semestras\Bakalauro baigiamasis projektas\Siuntų valdymo posistemė\backend\Bakalauras.API\Data\AppDbContext.cs", "C#", 0, 0, 0, 0, 0, 0, -622, 0, 0, 0, -178, -800
"c:\Users\Ignas\Desktop\KTU\VIII semestras\Bakalauro baigiamasis projektas\Siuntų valdymo posistemė\backend\Bakalauras.API\Models\admin.cs", "C#", 0, 0, 0, 0, 0, 0, -8, 0, 0, 0, -4, -12
"c:\Users\Ignas\Desktop\KTU\VIII semestras\Bakalauro baigiamasis projektas\Siuntų valdymo posistemė\backend\Bakalauras.API\Models\category.cs", "C#", 0, 0, 0, 0, 0, 0, -9, 0, 0, 0, -5, -14
"c:\Users\Ignas\Desktop\KTU\VIII semestras\Bakalauro baigiamasis projektas\Siuntų valdymo posistemė\backend\Bakalauras.API\Models\client.cs", "C#", 0, 0, 0, 0, 0, 0, -22, 0, 0, 0, -18, -40
"c:\Users\Ignas\Desktop\KTU\VIII semestras\Bakalauro baigiamasis projektas\Siuntų valdymo posistemė\backend\Bakalauras.API\Models\client_company.cs", "C#", 0, 0, 0, 0, 0, 0, -17, 0, 0, 0, -13, -30
"c:\Users\Ignas\Desktop\KTU\VIII semestras\Bakalauro baigiamasis projektas\Siuntų valdymo posistemė\backend\Bakalauras.API\Models\company.cs", "C#", 0, 0, 0, 0, 0, 0, -36, 0, 0, 0, -32, -68
"c:\Users\Ignas\Desktop\KTU\VIII semestras\Bakalauro baigiamasis projektas\Siuntų valdymo posistemė\backend\Bakalauras.API\Models\company_integration.cs", "C#", 0, 0, 0, 0, 0, 0, -17, 0, 0, 0, -13, -30
"c:\Users\Ignas\Desktop\KTU\VIII semestras\Bakalauro baigiamasis projektas\Siuntų valdymo posistemė\backend\Bakalauras.API\Models\company_user.cs", "C#", 0, 0, 0, 0, 0, 0, -15, 0, 0, 0, -11, -26
"c:\Users\Ignas\Desktop\KTU\VIII semestras\Bakalauro baigiamasis projektas\Siuntų valdymo posistemė\backend\Bakalauras.API\Models\courier.cs", "C#", 0, 0, 0, 0, 0, 0, -18, 0, 0, 0, -14, -32
"c:\Users\Ignas\Desktop\KTU\VIII semestras\Bakalauro baigiamasis projektas\Siuntų valdymo posistemė\backend\Bakalauras.API\Models\employee.cs", "C#", 0, 0, 0, 0, 0, 0, -11, 0, 0, 0, -7, -18
"c:\Users\Ignas\Desktop\KTU\VIII semestras\Bakalauro baigiamasis projektas\Siuntų valdymo posistemė\backend\Bakalauras.API\Models\invoice.cs", "C#", 0, 0, 0, 0, 0, 0, -20, 0, 0, -3, -16, -39
"c:\Users\Ignas\Desktop\KTU\VIII semestras\Bakalauro baigiamasis projektas\Siuntų valdymo posistemė\backend\Bakalauras.API\Models\notification.cs", "C#", 0, 0, 0, 0, 0, 0, -21, 0, 0, -12, -17, -50
"c:\Users\Ignas\Desktop\KTU\VIII semestras\Bakalauro baigiamasis projektas\Siuntų valdymo posistemė\backend\Bakalauras.API\Models\order.cs", "C#", 0, 0, 0, 0, 0, 0, -34, 0, 0, -3, -30, -67
"c:\Users\Ignas\Desktop\KTU\VIII semestras\Bakalauro baigiamasis projektas\Siuntų valdymo posistemė\backend\Bakalauras.API\Models\ordersproduct.cs", "C#", 0, 0, 0, 0, 0, 0, -15, 0, 0, 0, -11, -26
"c:\Users\Ignas\Desktop\KTU\VIII semestras\Bakalauro baigiamasis projektas\Siuntų valdymo posistemė\backend\Bakalauras.API\Models\orderstatus.cs", "C#", 0, 0, 0, 0, 0, 0, -9, 0, 0, 0, -5, -14
"c:\Users\Ignas\Desktop\KTU\VIII semestras\Bakalauro baigiamasis projektas\Siuntų valdymo posistemė\backend\Bakalauras.API\Models\package.cs", "C#", 0, 0, 0, 0, 0, 0, -13, 0, 0, 0, -9, -22
"c:\Users\Ignas\Desktop\KTU\VIII semestras\Bakalauro baigiamasis projektas\Siuntų valdymo posistemė\backend\Bakalauras.API\Models\product.cs", "C#", 0, 0, 0, 0, 0, 0, -24, 0, 0, 0, -20, -44
"c:\Users\Ignas\Desktop\KTU\VIII semestras\Bakalauro baigiamasis projektas\Siuntų valdymo posistemė\backend\Bakalauras.API\Models\product_image.cs", "C#", 0, 0, 0, 0, 0, 0, -13, 0, 0, 0, -9, -22
"c:\Users\Ignas\Desktop\KTU\VIII semestras\Bakalauro baigiamasis projektas\Siuntų valdymo posistemė\backend\Bakalauras.API\Models\product_return.cs", "C#", 0, 0, 0, 0, 0, 0, -36, 0, 0, 0, -32, -68
"c:\Users\Ignas\Desktop\KTU\VIII semestras\Bakalauro baigiamasis projektas\Siuntų valdymo posistemė\backend\Bakalauras.API\Models\productgroup.cs", "C#", 0, 0, 0, 0, 0, 0, -9, 0, 0, 0, -5, -14
"c:\Users\Ignas\Desktop\KTU\VIII semestras\Bakalauro baigiamasis projektas\Siuntų valdymo posistemė\backend\Bakalauras.API\Models\return.cs", "C#", 0, 0, 0, 0, 0, 0, -17, 0, 0, 0, -13, -30
"c:\Users\Ignas\Desktop\KTU\VIII semestras\Bakalauro baigiamasis projektas\Siuntų valdymo posistemė\backend\Bakalauras.API\Models\return_item.cs", "C#", 0, 0, 0, 0, 0, 0, -20, 0, 0, 0, -16, -36
"c:\Users\Ignas\Desktop\KTU\VIII semestras\Bakalauro baigiamasis projektas\Siuntų valdymo posistemė\backend\Bakalauras.API\Models\return_reason.cs", "C#", 0, 0, 0, 0, 0, 0, -9, 0, 0, 0, -5, -14
"c:\Users\Ignas\Desktop\KTU\VIII semestras\Bakalauro baigiamasis projektas\Siuntų valdymo posistemė\backend\Bakalauras.API\Models\return_status_type.cs", "C#", 0, 0, 0, 0, 0, 0, -9, 0, 0, 0, -5, -14
"c:\Users\Ignas\Desktop\KTU\VIII semestras\Bakalauro baigiamasis projektas\Siuntų valdymo posistemė\backend\Bakalauras.API\Models\shipment.cs", "C#", 0, 0, 0, 0, 0, 0, -25, 0, 0, 0, -21, -46
"c:\Users\Ignas\Desktop\KTU\VIII semestras\Bakalauro baigiamasis projektas\Siuntų valdymo posistemė\backend\Bakalauras.API\Models\shipment_status.cs", "C#", 0, 0, 0, 0, 0, 0, -12, 0, 0, 0, -8, -20
"c:\Users\Ignas\Desktop\KTU\VIII semestras\Bakalauro baigiamasis projektas\Siuntų valdymo posistemė\backend\Bakalauras.API\Models\shipment_status_type.cs", "C#", 0, 0, 0, 0, 0, 0, -9, 0, 0, 0, -5, -14
"c:\Users\Ignas\Desktop\KTU\VIII semestras\Bakalauro baigiamasis projektas\Siuntų valdymo posistemė\backend\Bakalauras.API\Models\user.cs", "C#", 0, 0, 0, 0, 0, 0, -27, 0, 0, 0, -23, -50
"c:\Users\Ignas\Desktop\KTU\VIII semestras\Bakalauro baigiamasis projektas\Siuntų valdymo posistemė\backend\Bakalauras.API\Program.cs", "C#", 0, 0, 0, 0, 0, 0, -81, 0, 0, -8, -25, -114
"c:\Users\Ignas\Desktop\KTU\VIII semestras\Bakalauro baigiamasis projektas\Siuntų valdymo posistemė\backend\Bakalauras.API\Properties\launchSettings.json", "JSON", 0, 0, -41, 0, 0, 0, 0, 0, 0, 0, -1, -42
"c:\Users\Ignas\Desktop\KTU\VIII semestras\Bakalauro baigiamasis projektas\Siuntų valdymo posistemė\backend\Bakalauras.API\Services\BackgroundTask\ClientSyncWorker.cs", "C#", 0, 0, 0, 0, 0, 0, -154, 0, 0, -26, -36, -216
"c:\Users\Ignas\Desktop\KTU\VIII semestras\Bakalauro baigiamasis projektas\Siuntų valdymo posistemė\backend\Bakalauras.API\Services\BackgroundTask\OrderSyncWorker.cs", "C#", 0, 0, 0, 0, 0, 0, -140, 0, 0, -8, -36, -184
"c:\Users\Ignas\Desktop\KTU\VIII semestras\Bakalauro baigiamasis projektas\Siuntų valdymo posistemė\backend\Bakalauras.API\Services\BackgroundTask\ProductSyncWorker.cs", "C#", 0, 0, 0, 0, 0, 0, -169, 0, 0, -1, -33, -203
"c:\Users\Ignas\Desktop\KTU\VIII semestras\Bakalauro baigiamasis projektas\Siuntų valdymo posistemė\backend\Bakalauras.API\Services\ButentApiService.cs", "C#", 0, 0, 0, 0, 0, 0, -60, 0, 0, -3, -11, -74
"c:\Users\Ignas\Desktop\KTU\VIII semestras\Bakalauro baigiamasis projektas\Siuntų valdymo posistemė\backend\Bakalauras.API\Services\CourierProviderFactory.cs", "C#", 0, 0, 0, 0, 0, 0, -74, 0, 0, -33, -16, -123
"c:\Users\Ignas\Desktop\KTU\VIII semestras\Bakalauro baigiamasis projektas\Siuntų valdymo posistemė\backend\Bakalauras.API\Services\DpdProvider.cs", "C#", 0, 0, 0, 0, 0, 0, -339, 0, 0, -25, -69, -433
"c:\Users\Ignas\Desktop\KTU\VIII semestras\Bakalauro baigiamasis projektas\Siuntų valdymo posistemė\backend\Bakalauras.API\Services\ICourierProvider.cs", "C#", 0, 0, 0, 0, 0, 0, -56, 0, 0, -33, -18, -107
"c:\Users\Ignas\Desktop\KTU\VIII semestras\Bakalauro baigiamasis projektas\Siuntų valdymo posistemė\backend\Bakalauras.API\Services\IEmailService.cs", "C#", 0, 0, 0, 0, 0, 0, -75, 0, 0, -15, -16, -106
"c:\Users\Ignas\Desktop\KTU\VIII semestras\Bakalauro baigiamasis projektas\Siuntų valdymo posistemė\backend\Bakalauras.API\Services\IInvoiceService.cs", "C#", 0, 0, 0, 0, 0, 0, -208, 0, 0, -30, -39, -277
"c:\Users\Ignas\Desktop\KTU\VIII semestras\Bakalauro baigiamasis projektas\Siuntų valdymo posistemė\backend\Bakalauras.API\Services\IntegrationSecrets.cs", "C#", 0, 0, 0, 0, 0, 0, -76, 0, 0, -10, -22, -108
"c:\Users\Ignas\Desktop\KTU\VIII semestras\Bakalauro baigiamasis projektas\Siuntų valdymo posistemė\backend\Bakalauras.API\Services\JwtService.cs", "C#", 0, 0, 0, 0, 0, 0, -126, 0, 0, -17, -28, -171
"c:\Users\Ignas\Desktop\KTU\VIII semestras\Bakalauro baigiamasis projektas\Siuntų valdymo posistemė\backend\Bakalauras.API\Services\Labelgenerator.cs", "C#", 0, 0, 0, 0, 0, 0, -242, 0, 0, -29, -36, -307
"c:\Users\Ignas\Desktop\KTU\VIII semestras\Bakalauro baigiamasis projektas\Siuntų valdymo posistemė\backend\Bakalauras.API\Services\LpExpressProvider.cs", "C#", 0, 0, 0, 0, 0, 0, -27, 0, 0, -3, -5, -35
"c:\Users\Ignas\Desktop\KTU\VIII semestras\Bakalauro baigiamasis projektas\Siuntų valdymo posistemė\backend\Bakalauras.API\Services\NotificationService.cs", "C#", 0, 0, 0, 0, 0, 0, -376, 0, 0, -7, -48, -431
"c:\Users\Ignas\Desktop\KTU\VIII semestras\Bakalauro baigiamasis projektas\Siuntų valdymo posistemė\backend\Bakalauras.API\appsettings.Development.json", "JSON", 0, 0, -11, 0, 0, 0, 0, 0, 0, 0, 0, -11
"c:\Users\Ignas\Desktop\KTU\VIII semestras\Bakalauro baigiamasis projektas\Siuntų valdymo posistemė\backend\Bakalauras.API\appsettings.json", "JSON", 0, 0, -32, 0, 0, 0, 0, 0, 0, 0, -3, -35
"c:\Users\Ignas\Desktop\KTU\VIII semestras\Bakalauro baigiamasis projektas\Siuntų valdymo posistemė\backend\Bakalauras.API\bin\Debug\net8.0\Bakalauras.API.deps.json", "JSON", 0, 0, -1938, 0, 0, 0, 0, 0, 0, 0, 0, -1938
"c:\Users\Ignas\Desktop\KTU\VIII semestras\Bakalauro baigiamasis projektas\Siuntų valdymo posistemė\backend\Bakalauras.API\bin\Debug\net8.0\Bakalauras.API.runtimeconfig.json", "JSON", 0, 0, -20, 0, 0, 0, 0, 0, 0, 0, 0, -20
"c:\Users\Ignas\Desktop\KTU\VIII semestras\Bakalauro baigiamasis projektas\Siuntų valdymo posistemė\backend\Bakalauras.API\bin\Debug\net8.0\Bakalauras.API.staticwebassets.runtime.json", "JSON", 0, 0, -1, 0, 0, 0, 0, 0, 0, 0, 0, -1
"c:\Users\Ignas\Desktop\KTU\VIII semestras\Bakalauro baigiamasis projektas\Siuntų valdymo posistemė\backend\Bakalauras.API\bin\Debug\net8.0\appsettings.Development.json", "JSON", 0, 0, -11, 0, 0, 0, 0, 0, 0, 0, 0, -11
"c:\Users\Ignas\Desktop\KTU\VIII semestras\Bakalauro baigiamasis projektas\Siuntų valdymo posistemė\backend\Bakalauras.API\bin\Debug\net8.0\appsettings.json", "JSON", 0, 0, -32, 0, 0, 0, 0, 0, 0, 0, -3, -35
"c:\Users\Ignas\Desktop\KTU\VIII semestras\Bakalauro baigiamasis projektas\Siuntų valdymo posistemė\backend\Bakalauras.API\obj\Bakalauras.API.csproj.EntityFrameworkCore.targets", "XML", 0, 0, 0, 0, 0, 0, 0, -28, 0, 0, -1, -29
"c:\Users\Ignas\Desktop\KTU\VIII semestras\Bakalauro baigiamasis projektas\Siuntų valdymo posistemė\backend\Bakalauras.API\obj\Bakalauras.API.csproj.nuget.dgspec.json", "JSON", 0, 0, -135, 0, 0, 0, 0, 0, 0, 0, 0, -135
"c:\Users\Ignas\Desktop\KTU\VIII semestras\Bakalauro baigiamasis projektas\Siuntų valdymo posistemė\backend\Bakalauras.API\obj\Bakalauras.API.csproj.nuget.g.props", "XML", 0, 0, 0, 0, 0, 0, 0, -26, 0, 0, 0, -26
"c:\Users\Ignas\Desktop\KTU\VIII semestras\Bakalauro baigiamasis projektas\Siuntų valdymo posistemė\backend\Bakalauras.API\obj\Bakalauras.API.csproj.nuget.g.targets", "XML", 0, 0, 0, 0, 0, 0, 0, -10, 0, 0, 0, -10
"c:\Users\Ignas\Desktop\KTU\VIII semestras\Bakalauro baigiamasis projektas\Siuntų valdymo posistemė\backend\Bakalauras.API\obj\Debug\net8.0\.NETCoreApp,Version=v8.0.AssemblyAttributes.cs", "C#", 0, 0, 0, 0, 0, 0, -3, 0, 0, -1, -1, -5
"c:\Users\Ignas\Desktop\KTU\VIII semestras\Bakalauro baigiamasis projektas\Siuntų valdymo posistemė\backend\Bakalauras.API\obj\Debug\net8.0\Bakalauras.API.AssemblyInfo.cs", "C#", 0, 0, 0, 0, 0, 0, -9, 0, 0, -9, -5, -23
"c:\Users\Ignas\Desktop\KTU\VIII semestras\Bakalauro baigiamasis projektas\Siuntų valdymo posistemė\backend\Bakalauras.API\obj\Debug\net8.0\Bakalauras.API.GeneratedMSBuildEditorConfig.editorconfig", "Properties", 0, 0, 0, 0, 0, 0, 0, 0, -19, 0, -1, -20
"c:\Users\Ignas\Desktop\KTU\VIII semestras\Bakalauro baigiamasis projektas\Siuntų valdymo posistemė\backend\Bakalauras.API\obj\Debug\net8.0\Bakalauras.API.GlobalUsings.g.cs", "C#", 0, 0, 0, 0, 0, 0, -16, 0, 0, -1, -1, -18
"c:\Users\Ignas\Desktop\KTU\VIII semestras\Bakalauro baigiamasis projektas\Siuntų valdymo posistemė\backend\Bakalauras.API\obj\Debug\net8.0\Bakalauras.API.MvcApplicationPartsAssemblyInfo.cs", "C#", 0, 0, 0, 0, 0, 0, -4, 0, 0, -9, -5, -18
"c:\Users\Ignas\Desktop\KTU\VIII semestras\Bakalauro baigiamasis projektas\Siuntų valdymo posistemė\backend\Bakalauras.API\obj\Debug\net8.0\Bakalauras.API.sourcelink.json", "JSON", 0, 0, -1, 0, 0, 0, 0, 0, 0, 0, 0, -1
"c:\Users\Ignas\Desktop\KTU\VIII semestras\Bakalauro baigiamasis projektas\Siuntų valdymo posistemė\backend\Bakalauras.API\obj\Debug\net8.0\staticwebassets.build.json", "JSON", 0, 0, -3307, 0, 0, 0, 0, 0, 0, 0, 0, -3307
"c:\Users\Ignas\Desktop\KTU\VIII semestras\Bakalauro baigiamasis projektas\Siuntų valdymo posistemė\backend\Bakalauras.API\obj\Debug\net8.0\staticwebassets.development.json", "JSON", 0, 0, -1, 0, 0, 0, 0, 0, 0, 0, 0, -1
"c:\Users\Ignas\Desktop\KTU\VIII semestras\Bakalauro baigiamasis projektas\Siuntų valdymo posistemė\backend\Bakalauras.API\obj\Debug\net8.0\staticwebassets.pack.json", "JSON", 0, 0, -713, 0, 0, 0, 0, 0, 0, 0, 0, -713
"c:\Users\Ignas\Desktop\KTU\VIII semestras\Bakalauro baigiamasis projektas\Siuntų valdymo posistemė\backend\Bakalauras.API\obj\Debug\net8.0\staticwebassets\msbuild.Bakalauras.API.Microsoft.AspNetCore.StaticWebAssets.props", "XML", 0, 0, 0, 0, 0, 0, 0, -2772, 0, 0, 0, -2772
"c:\Users\Ignas\Desktop\KTU\VIII semestras\Bakalauro baigiamasis projektas\Siuntų valdymo posistemė\backend\Bakalauras.API\obj\Debug\net8.0\staticwebassets\msbuild.build.Bakalauras.API.props", "XML", 0, 0, 0, 0, 0, 0, 0, -3, 0, 0, 0, -3
"c:\Users\Ignas\Desktop\KTU\VIII semestras\Bakalauro baigiamasis projektas\Siuntų valdymo posistemė\backend\Bakalauras.API\obj\Debug\net8.0\staticwebassets\msbuild.buildMultiTargeting.Bakalauras.API.props", "XML", 0, 0, 0, 0, 0, 0, 0, -3, 0, 0, 0, -3
"c:\Users\Ignas\Desktop\KTU\VIII semestras\Bakalauro baigiamasis projektas\Siuntų valdymo posistemė\backend\Bakalauras.API\obj\Debug\net8.0\staticwebassets\msbuild.buildTransitive.Bakalauras.API.props", "XML", 0, 0, 0, 0, 0, 0, 0, -3, 0, 0, 0, -3
"c:\Users\Ignas\Desktop\KTU\VIII semestras\Bakalauro baigiamasis projektas\Siuntų valdymo posistemė\backend\Bakalauras.API\obj\project.assets.json", "JSON", 0, 0, -5409, 0, 0, 0, 0, 0, 0, 0, 0, -5409
"c:\Users\Ignas\Desktop\KTU\VIII semestras\Bakalauro baigiamasis projektas\Siuntų valdymo posistemė\frontend\react-app\.env", "Dotenv", 0, 0, 0, 0, 0, 2, 0, 0, 0, 0, 0, 2
"c:\Users\Ignas\Desktop\KTU\VIII semestras\Bakalauro baigiamasis projektas\Siuntų valdymo posistemė\frontend\react-app\README.md", "Markdown", 0, 0, 0, 38, 0, 0, 0, 0, 0, 0, 33, 71
"c:\Users\Ignas\Desktop\KTU\VIII semestras\Bakalauro baigiamasis projektas\Siuntų valdymo posistemė\frontend\react-app\package-lock.json", "JSON", 0, 0, 15139, 0, 0, 0, 0, 0, 0, 0, 1, 15140
"c:\Users\Ignas\Desktop\KTU\VIII semestras\Bakalauro baigiamasis projektas\Siuntų valdymo posistemė\frontend\react-app\package.json", "JSON", 0, 0, 45, 0, 0, 0, 0, 0, 0, 0, 1, 46
"c:\Users\Ignas\Desktop\KTU\VIII semestras\Bakalauro baigiamasis projektas\Siuntų valdymo posistemė\frontend\react-app\public\index.html", "HTML", 0, 0, 0, 0, 20, 0, 0, 0, 0, 23, 1, 44
"c:\Users\Ignas\Desktop\KTU\VIII semestras\Bakalauro baigiamasis projektas\Siuntų valdymo posistemė\frontend\react-app\public\manifest.json", "JSON", 0, 0, 25, 0, 0, 0, 0, 0, 0, 0, 1, 26
"c:\Users\Ignas\Desktop\KTU\VIII semestras\Bakalauro baigiamasis projektas\Siuntų valdymo posistemė\frontend\react-app\src\App.css", "PostCSS", 29, 0, 0, 0, 0, 0, 0, 0, 0, 0, 6, 35
"c:\Users\Ignas\Desktop\KTU\VIII semestras\Bakalauro baigiamasis projektas\Siuntų valdymo posistemė\frontend\react-app\src\App.js", "JavaScript", 0, 113, 0, 0, 0, 0, 0, 0, 0, 2, 26, 141
"c:\Users\Ignas\Desktop\KTU\VIII semestras\Bakalauro baigiamasis projektas\Siuntų valdymo posistemė\frontend\react-app\src\App.test.js", "JavaScript", 0, 7, 0, 0, 0, 0, 0, 0, 0, 0, 2, 9
"c:\Users\Ignas\Desktop\KTU\VIII semestras\Bakalauro baigiamasis projektas\Siuntų valdymo posistemė\frontend\react-app\src\components\AddButton.js", "JavaScript", 0, 20, 0, 0, 0, 0, 0, 0, 0, 0, 1, 21
"c:\Users\Ignas\Desktop\KTU\VIII semestras\Bakalauro baigiamasis projektas\Siuntų valdymo posistemė\frontend\react-app\src\components\ClientFooter.js", "JavaScript", 0, 42, 0, 0, 0, 0, 0, 0, 0, 5, 5, 52
"c:\Users\Ignas\Desktop\KTU\VIII semestras\Bakalauro baigiamasis projektas\Siuntų valdymo posistemė\frontend\react-app\src\components\ClientHeader.js", "JavaScript", 0, 68, 0, 0, 0, 0, 0, 0, 0, 1, 9, 78
"c:\Users\Ignas\Desktop\KTU\VIII semestras\Bakalauro baigiamasis projektas\Siuntų valdymo posistemė\frontend\react-app\src\components\ClientOrdersPage.js", "JavaScript", 0, 492, 0, 0, 0, 0, 0, 0, 0, 14, 46, 552
"c:\Users\Ignas\Desktop\KTU\VIII semestras\Bakalauro baigiamasis projektas\Siuntų valdymo posistemė\frontend\react-app\src\components\CourierHeader.js", "JavaScript", 0, 20, 0, 0, 0, 0, 0, 0, 0, 0, 4, 24
"c:\Users\Ignas\Desktop\KTU\VIII semestras\Bakalauro baigiamasis projektas\Siuntų valdymo posistemė\frontend\react-app\src\components\DataTable.js", "JavaScript", 0, 182, 0, 0, 0, 0, 0, 0, 0, 3, 30, 215
"c:\Users\Ignas\Desktop\KTU\VIII semestras\Bakalauro baigiamasis projektas\Siuntų valdymo posistemė\frontend\react-app\src\components\DropdownMenu.js", "JavaScript", 0, 28, 0, 0, 0, 0, 0, 0, 0, 0, 4, 32
"c:\Users\Ignas\Desktop\KTU\VIII semestras\Bakalauro baigiamasis projektas\Siuntų valdymo posistemė\frontend\react-app\src\components\Footer.js", "JavaScript", 0, 38, 0, 0, 0, 0, 0, 0, 0, 0, 3, 41
"c:\Users\Ignas\Desktop\KTU\VIII semestras\Bakalauro baigiamasis projektas\Siuntų valdymo posistemė\frontend\react-app\src\components\FormPageLayout.js", "JavaScript", 0, 18, 0, 0, 0, 0, 0, 0, 0, 0, 3, 21
"c:\Users\Ignas\Desktop\KTU\VIII semestras\Bakalauro baigiamasis projektas\Siuntų valdymo posistemė\frontend\react-app\src\components\LockerPicker.js", "JavaScript", 0, 218, 0, 0, 0, 0, 0, 0, 0, 13, 31, 262
"c:\Users\Ignas\Desktop\KTU\VIII semestras\Bakalauro baigiamasis projektas\Siuntų valdymo posistemė\frontend\react-app\src\components\Navbar.js", "JavaScript", 0, 32, 0, 0, 0, 0, 0, 0, 0, 0, 9, 41
"c:\Users\Ignas\Desktop\KTU\VIII semestras\Bakalauro baigiamasis projektas\Siuntų valdymo posistemė\frontend\react-app\src\components\ProfileNotifications.js", "JavaScript", 0, 235, 0, 0, 0, 0, 0, 0, 0, 10, 30, 275
"c:\Users\Ignas\Desktop\KTU\VIII semestras\Bakalauro baigiamasis projektas\Siuntų valdymo posistemė\frontend\react-app\src\components\ProtectedRoute.js", "JavaScript", 0, 7, 0, 0, 0, 0, 0, 0, 0, 0, 1, 8
"c:\Users\Ignas\Desktop\KTU\VIII semestras\Bakalauro baigiamasis projektas\Siuntų valdymo posistemė\frontend\react-app\src\components\ReturnFormModal.js", "JavaScript", 0, 844, 0, 0, 0, 0, 0, 0, 0, 22, 82, 948
"c:\Users\Ignas\Desktop\KTU\VIII semestras\Bakalauro baigiamasis projektas\Siuntų valdymo posistemė\frontend\react-app\src\components\RightDrawers\RightDrawerSidebar.js", "JavaScript", 0, 68, 0, 0, 0, 0, 0, 0, 0, 15, 10, 93
"c:\Users\Ignas\Desktop\KTU\VIII semestras\Bakalauro baigiamasis projektas\Siuntų valdymo posistemė\frontend\react-app\src\components\SearchSelect.js", "JavaScript", 0, 74, 0, 0, 0, 0, 0, 0, 0, 9, 9, 92
"c:\Users\Ignas\Desktop\KTU\VIII semestras\Bakalauro baigiamasis projektas\Siuntų valdymo posistemė\frontend\react-app\src\components\ShipmentLabels.js", "JavaScript", 0, 159, 0, 0, 0, 0, 0, 0, 0, 14, 16, 189
"c:\Users\Ignas\Desktop\KTU\VIII semestras\Bakalauro baigiamasis projektas\Siuntų valdymo posistemė\frontend\react-app\src\components\ShipmentMap.js", "JavaScript", 0, 116, 0, 0, 0, 0, 0, 0, 0, 9, 23, 148
"c:\Users\Ignas\Desktop\KTU\VIII semestras\Bakalauro baigiamasis projektas\Siuntų valdymo posistemė\frontend\react-app\src\components\SidebarLeft.js", "JavaScript", 0, 309, 0, 0, 0, 0, 0, 0, 0, 4, 33, 346
"c:\Users\Ignas\Desktop\KTU\VIII semestras\Bakalauro baigiamasis projektas\Siuntų valdymo posistemė\frontend\react-app\src\components\SignInButtons.js", "JavaScript", 0, 312, 0, 0, 0, 0, 0, 0, 0, 8, 40, 360
"c:\Users\Ignas\Desktop\KTU\VIII semestras\Bakalauro baigiamasis projektas\Siuntų valdymo posistemė\frontend\react-app\src\components\SignInProfile.js", "JavaScript", 0, 7, 0, 0, 0, 0, 0, 0, 0, 0, 5, 12
"c:\Users\Ignas\Desktop\KTU\VIII semestras\Bakalauro baigiamasis projektas\Siuntų valdymo posistemė\frontend\react-app\src\components\SmartForm.js", "JavaScript", 0, 761, 0, 0, 0, 0, 0, 0, 0, 34, 72, 867
"c:\Users\Ignas\Desktop\KTU\VIII semestras\Bakalauro baigiamasis projektas\Siuntų valdymo posistemė\frontend\react-app\src\components\StatusBadge.js", "JavaScript", 0, 22, 0, 0, 0, 0, 0, 0, 0, 0, 7, 29
"c:\Users\Ignas\Desktop\KTU\VIII semestras\Bakalauro baigiamasis projektas\Siuntų valdymo posistemė\frontend\react-app\src\components\TableToolbar.js", "JavaScript", 0, 68, 0, 0, 0, 0, 0, 0, 0, 1, 8, 77
"c:\Users\Ignas\Desktop\KTU\VIII semestras\Bakalauro baigiamasis projektas\Siuntų valdymo posistemė\frontend\react-app\src\components\header.js", "JavaScript", 0, 12, 0, 0, 0, 0, 0, 0, 0, 0, 2, 14
"c:\Users\Ignas\Desktop\KTU\VIII semestras\Bakalauro baigiamasis projektas\Siuntų valdymo posistemė\frontend\react-app\src\components\routing\RequireAuth.js", "JavaScript", 0, 12, 0, 0, 0, 0, 0, 0, 0, 2, 4, 18
"c:\Users\Ignas\Desktop\KTU\VIII semestras\Bakalauro baigiamasis projektas\Siuntų valdymo posistemė\frontend\react-app\src\components\routing\RequireRole.js", "JavaScript", 0, 13, 0, 0, 0, 0, 0, 0, 0, 0, 5, 18
"c:\Users\Ignas\Desktop\KTU\VIII semestras\Bakalauro baigiamasis projektas\Siuntų valdymo posistemė\frontend\react-app\src\index.css", "PostCSS", 56, 0, 0, 0, 0, 0, 0, 0, 0, 8, 20, 84
"c:\Users\Ignas\Desktop\KTU\VIII semestras\Bakalauro baigiamasis projektas\Siuntų valdymo posistemė\frontend\react-app\src\index.js", "JavaScript", 0, 19, 0, 0, 0, 0, 0, 0, 0, 0, 4, 23
"c:\Users\Ignas\Desktop\KTU\VIII semestras\Bakalauro baigiamasis projektas\Siuntų valdymo posistemė\frontend\react-app\src\layouts\AuthLayout.js", "JavaScript", 0, 10, 0, 0, 0, 0, 0, 0, 0, 0, 1, 11
"c:\Users\Ignas\Desktop\KTU\VIII semestras\Bakalauro baigiamasis projektas\Siuntų valdymo posistemė\frontend\react-app\src\layouts\ClientLayout.js", "JavaScript", 0, 16, 0, 0, 0, 0, 0, 0, 0, 1, 1, 18
"c:\Users\Ignas\Desktop\KTU\VIII semestras\Bakalauro baigiamasis projektas\Siuntų valdymo posistemė\frontend\react-app\src\layouts\CourierLayout.js", "JavaScript", 0, 13, 0, 0, 0, 0, 0, 0, 0, 0, 1, 14
"c:\Users\Ignas\Desktop\KTU\VIII semestras\Bakalauro baigiamasis projektas\Siuntų valdymo posistemė\frontend\react-app\src\layouts\StaffLayout.js", "JavaScript", 0, 26, 0, 0, 0, 0, 0, 0, 0, 0, 3, 29
"c:\Users\Ignas\Desktop\KTU\VIII semestras\Bakalauro baigiamasis projektas\Siuntų valdymo posistemė\frontend\react-app\src\pages\Courier\CourierShipmentDetail.js", "JavaScript", 0, 450, 0, 0, 0, 0, 0, 0, 0, 9, 25, 484
"c:\Users\Ignas\Desktop\KTU\VIII semestras\Bakalauro baigiamasis projektas\Siuntų valdymo posistemė\frontend\react-app\src\pages\Courier\CourierShipmentsList.js", "JavaScript", 0, 185, 0, 0, 0, 0, 0, 0, 0, 1, 18, 204
"c:\Users\Ignas\Desktop\KTU\VIII semestras\Bakalauro baigiamasis projektas\Siuntų valdymo posistemė\frontend\react-app\src\pages\HomePage.js", "JavaScript", 0, 516, 0, 0, 0, 0, 0, 0, 0, 19, 41, 576
"c:\Users\Ignas\Desktop\KTU\VIII semestras\Bakalauro baigiamasis projektas\Siuntų valdymo posistemė\frontend\react-app\src\pages\NotFoundPage.js", "JavaScript", 0, 4, 0, 0, 0, 0, 0, 0, 0, 0, 2, 6
"c:\Users\Ignas\Desktop\KTU\VIII semestras\Bakalauro baigiamasis projektas\Siuntų valdymo posistemė\frontend\react-app\src\pages\Returns\ReturnsList.js", "JavaScript", 0, 563, 0, 0, 0, 0, 0, 0, 0, 10, 46, 619
"c:\Users\Ignas\Desktop\KTU\VIII semestras\Bakalauro baigiamasis projektas\Siuntų valdymo posistemė\frontend\react-app\src\pages\auth\ChangePasswordPage.js", "JavaScript", 0, 143, 0, 0, 0, 0, 0, 0, 0, 5, 19, 167
"c:\Users\Ignas\Desktop\KTU\VIII semestras\Bakalauro baigiamasis projektas\Siuntų valdymo posistemė\frontend\react-app\src\pages\auth\ForgotPassword.js", "JavaScript", 0, 111, 0, 0, 0, 0, 0, 0, 0, 4, 15, 130
"c:\Users\Ignas\Desktop\KTU\VIII semestras\Bakalauro baigiamasis projektas\Siuntų valdymo posistemė\frontend\react-app\src\pages\auth\Login.js", "JavaScript", 0, 138, 0, 0, 0, 0, 0, 0, 0, 4, 21, 163
"c:\Users\Ignas\Desktop\KTU\VIII semestras\Bakalauro baigiamasis projektas\Siuntų valdymo posistemė\frontend\react-app\src\pages\auth\Register.js", "JavaScript", 0, 202, 0, 0, 0, 0, 0, 0, 0, 5, 24, 231
"c:\Users\Ignas\Desktop\KTU\VIII semestras\Bakalauro baigiamasis projektas\Siuntų valdymo posistemė\frontend\react-app\src\pages\auth\ResetPassword.js", "JavaScript", 0, 157, 0, 0, 0, 0, 0, 0, 0, 6, 24, 187
"c:\Users\Ignas\Desktop\KTU\VIII semestras\Bakalauro baigiamasis projektas\Siuntų valdymo posistemė\frontend\react-app\src\pages\auth\authValidation.js", "JavaScript", 0, 102, 0, 0, 0, 0, 0, 0, 0, 10, 27, 139
"c:\Users\Ignas\Desktop\KTU\VIII semestras\Bakalauro baigiamasis projektas\Siuntų valdymo posistemė\frontend\react-app\src\pages\companyCrud\CompaniesList.js", "JavaScript", 0, 304, 0, 0, 0, 0, 0, 0, 0, 3, 32, 339
"c:\Users\Ignas\Desktop\KTU\VIII semestras\Bakalauro baigiamasis projektas\Siuntų valdymo posistemė\frontend\react-app\src\pages\companyCrud\CompanyEdit.js", "JavaScript", 0, 213, 0, 0, 0, 0, 0, 0, 0, 6, 16, 235
"c:\Users\Ignas\Desktop\KTU\VIII semestras\Bakalauro baigiamasis projektas\Siuntų valdymo posistemė\frontend\react-app\src\pages\companyCrud\CompanyIntegrations.js", "JavaScript", 0, 202, 0, 0, 0, 0, 0, 0, 0, 7, 26, 235
"c:\Users\Ignas\Desktop\KTU\VIII semestras\Bakalauro baigiamasis projektas\Siuntų valdymo posistemė\frontend\react-app\src\pages\companyCrud\CompanyMembers.js", "JavaScript", 0, 175, 0, 0, 0, 0, 0, 0, 0, 5, 12, 192
"c:\Users\Ignas\Desktop\KTU\VIII semestras\Bakalauro baigiamasis projektas\Siuntų valdymo posistemė\frontend\react-app\src\pages\companyCrud\companyValidation.js", "JavaScript", 0, 62, 0, 0, 0, 0, 0, 0, 0, 7, 12, 81
"c:\Users\Ignas\Desktop\KTU\VIII semestras\Bakalauro baigiamasis projektas\Siuntų valdymo posistemė\frontend\react-app\src\pages\orderCrud\OrderAdd.js", "JavaScript", 0, 250, 0, 0, 0, 0, 0, 0, 0, 2, 23, 275
"c:\Users\Ignas\Desktop\KTU\VIII semestras\Bakalauro baigiamasis projektas\Siuntų valdymo posistemė\frontend\react-app\src\pages\orderCrud\OrderDetailPage.js", "JavaScript", 0, 503, 0, 0, 0, 0, 0, 0, 0, 5, 35, 543
"c:\Users\Ignas\Desktop\KTU\VIII semestras\Bakalauro baigiamasis projektas\Siuntų valdymo posistemė\frontend\react-app\src\pages\orderCrud\OrderEdit.js", "JavaScript", 0, 267, 0, 0, 0, 0, 0, 0, 0, 8, 29, 304
"c:\Users\Ignas\Desktop\KTU\VIII semestras\Bakalauro baigiamasis projektas\Siuntų valdymo posistemė\frontend\react-app\src\pages\orderCrud\OrderPage.js", "JavaScript", 0, 313, 0, 0, 0, 0, 0, 0, 0, 7, 18, 338
"c:\Users\Ignas\Desktop\KTU\VIII semestras\Bakalauro baigiamasis projektas\Siuntų valdymo posistemė\frontend\react-app\src\pages\orderCrud\orderValidation.js", "JavaScript", 0, 49, 0, 0, 0, 0, 0, 0, 0, 7, 15, 71
"c:\Users\Ignas\Desktop\KTU\VIII semestras\Bakalauro baigiamasis projektas\Siuntų valdymo posistemė\frontend\react-app\src\pages\productCrud\ProductAdd.js", "JavaScript", 0, 151, 0, 0, 0, 0, 0, 0, 0, 0, 20, 171
"c:\Users\Ignas\Desktop\KTU\VIII semestras\Bakalauro baigiamasis projektas\Siuntų valdymo posistemė\frontend\react-app\src\pages\productCrud\ProductEdit.js", "JavaScript", 0, 162, 0, 0, 0, 0, 0, 0, 0, 0, 16, 178
"c:\Users\Ignas\Desktop\KTU\VIII semestras\Bakalauro baigiamasis projektas\Siuntų valdymo posistemė\frontend\react-app\src\pages\productCrud\ProductPage.js", "JavaScript", 0, 241, 0, 0, 0, 0, 0, 0, 0, 2, 13, 256
"c:\Users\Ignas\Desktop\KTU\VIII semestras\Bakalauro baigiamasis projektas\Siuntų valdymo posistemė\frontend\react-app\src\pages\shipmentPages\ShipmentRegistration.js", "JavaScript", 0, 288, 0, 0, 0, 0, 0, 0, 0, 20, 36, 344
"c:\Users\Ignas\Desktop\KTU\VIII semestras\Bakalauro baigiamasis projektas\Siuntų valdymo posistemė\frontend\react-app\src\pages\shipmentPages\ShipmentsPage.js", "JavaScript", 0, 371, 0, 0, 0, 0, 0, 0, 0, 9, 24, 404
"c:\Users\Ignas\Desktop\KTU\VIII semestras\Bakalauro baigiamasis projektas\Siuntų valdymo posistemė\frontend\react-app\src\pages\shipmentPages\shipmentValidation.js", "JavaScript", 0, 52, 0, 0, 0, 0, 0, 0, 0, 9, 12, 73
"c:\Users\Ignas\Desktop\KTU\VIII semestras\Bakalauro baigiamasis projektas\Siuntų valdymo posistemė\frontend\react-app\src\pages\userCrud\Profile.js", "JavaScript", 0, 312, 0, 0, 0, 0, 0, 0, 0, 8, 29, 349
"c:\Users\Ignas\Desktop\KTU\VIII semestras\Bakalauro baigiamasis projektas\Siuntų valdymo posistemė\frontend\react-app\src\pages\userCrud\TrackingPage.js", "JavaScript", 0, 300, 0, 0, 0, 0, 0, 0, 0, 3, 28, 331
"c:\Users\Ignas\Desktop\KTU\VIII semestras\Bakalauro baigiamasis projektas\Siuntų valdymo posistemė\frontend\react-app\src\pages\userCrud\UserAdd.js", "JavaScript", 0, 125, 0, 0, 0, 0, 0, 0, 0, 2, 8, 135
"c:\Users\Ignas\Desktop\KTU\VIII semestras\Bakalauro baigiamasis projektas\Siuntų valdymo posistemė\frontend\react-app\src\pages\userCrud\UserEdit.js", "JavaScript", 0, 146, 0, 0, 0, 0, 0, 0, 0, 3, 10, 159
"c:\Users\Ignas\Desktop\KTU\VIII semestras\Bakalauro baigiamasis projektas\Siuntų valdymo posistemė\frontend\react-app\src\pages\userCrud\UserHome.js", "JavaScript", 0, 189, 0, 0, 0, 0, 0, 0, 0, 1, 14, 204
"c:\Users\Ignas\Desktop\KTU\VIII semestras\Bakalauro baigiamasis projektas\Siuntų valdymo posistemė\frontend\react-app\src\pages\userCrud\UsersPage.js", "JavaScript", 0, 253, 0, 0, 0, 0, 0, 0, 0, 0, 14, 267
"c:\Users\Ignas\Desktop\KTU\VIII semestras\Bakalauro baigiamasis projektas\Siuntų valdymo posistemė\frontend\react-app\src\pages\userCrud\userValidation.js", "JavaScript", 0, 59, 0, 0, 0, 0, 0, 0, 0, 4, 17, 80
"c:\Users\Ignas\Desktop\KTU\VIII semestras\Bakalauro baigiamasis projektas\Siuntų valdymo posistemė\frontend\react-app\src\reportWebVitals.js", "JavaScript", 0, 12, 0, 0, 0, 0, 0, 0, 0, 0, 2, 14
"c:\Users\Ignas\Desktop\KTU\VIII semestras\Bakalauro baigiamasis projektas\Siuntų valdymo posistemė\frontend\react-app\src\services\AuthContext.js", "JavaScript", 0, 119, 0, 0, 0, 0, 0, 0, 0, 2, 14, 135
"c:\Users\Ignas\Desktop\KTU\VIII semestras\Bakalauro baigiamasis projektas\Siuntų valdymo posistemė\frontend\react-app\src\services\CompanySwitchGuard.js", "JavaScript", 0, 26, 0, 0, 0, 0, 0, 0, 0, 1, 4, 31
"c:\Users\Ignas\Desktop\KTU\VIII semestras\Bakalauro baigiamasis projektas\Siuntų valdymo posistemė\frontend\react-app\src\services\api.js", "JavaScript", 0, 141, 0, 0, 0, 0, 0, 0, 0, 31, 46, 218
"c:\Users\Ignas\Desktop\KTU\VIII semestras\Bakalauro baigiamasis projektas\Siuntų valdymo posistemė\frontend\react-app\src\setupTests.js", "JavaScript", 0, 1, 0, 0, 0, 0, 0, 0, 0, 4, 1, 6
"c:\Users\Ignas\Desktop\KTU\VIII semestras\Bakalauro baigiamasis projektas\Siuntų valdymo posistemė\frontend\react-app\src\styles\AddButton.css", "PostCSS", 34, 0, 0, 0, 0, 0, 0, 0, 0, 0, 9, 43
"c:\Users\Ignas\Desktop\KTU\VIII semestras\Bakalauro baigiamasis projektas\Siuntų valdymo posistemė\frontend\react-app\src\styles\Auth.css", "PostCSS", 200, 0, 0, 0, 0, 0, 0, 0, 0, 11, 35, 246
"c:\Users\Ignas\Desktop\KTU\VIII semestras\Bakalauro baigiamasis projektas\Siuntų valdymo posistemė\frontend\react-app\src\styles\ClientFooter.css", "PostCSS", 96, 0, 0, 0, 0, 0, 0, 0, 0, 4, 13, 113
"c:\Users\Ignas\Desktop\KTU\VIII semestras\Bakalauro baigiamasis projektas\Siuntų valdymo posistemė\frontend\react-app\src\styles\ClientHeader.css", "PostCSS", 234, 0, 0, 0, 0, 0, 0, 0, 0, 8, 35, 277
"c:\Users\Ignas\Desktop\KTU\VIII semestras\Bakalauro baigiamasis projektas\Siuntų valdymo posistemė\frontend\react-app\src\styles\ClientOrdersPage.css", "PostCSS", 675, 0, 0, 0, 0, 0, 0, 0, 0, 23, 77, 775
"c:\Users\Ignas\Desktop\KTU\VIII semestras\Bakalauro baigiamasis projektas\Siuntų valdymo posistemė\frontend\react-app\src\styles\CompaniesList.css", "PostCSS", 158, 0, 0, 0, 0, 0, 0, 0, 0, 11, 45, 214
"c:\Users\Ignas\Desktop\KTU\VIII semestras\Bakalauro baigiamasis projektas\Siuntų valdymo posistemė\frontend\react-app\src\styles\CompanyIntegrations.css", "PostCSS", 288, 0, 0, 0, 0, 0, 0, 0, 0, 2, 48, 338
"c:\Users\Ignas\Desktop\KTU\VIII semestras\Bakalauro baigiamasis projektas\Siuntų valdymo posistemė\frontend\react-app\src\styles\CompanyMembers.css", "PostCSS", 35, 0, 0, 0, 0, 0, 0, 0, 0, 1, 10, 46
"c:\Users\Ignas\Desktop\KTU\VIII semestras\Bakalauro baigiamasis projektas\Siuntų valdymo posistemė\frontend\react-app\src\styles\CourierHeader.css", "PostCSS", 25, 0, 0, 0, 0, 0, 0, 0, 0, 0, 3, 28
"c:\Users\Ignas\Desktop\KTU\VIII semestras\Bakalauro baigiamasis projektas\Siuntų valdymo posistemė\frontend\react-app\src\styles\CourierLayout.css", "PostCSS", 9, 0, 0, 0, 0, 0, 0, 0, 0, 0, 1, 10
"c:\Users\Ignas\Desktop\KTU\VIII semestras\Bakalauro baigiamasis projektas\Siuntų valdymo posistemė\frontend\react-app\src\styles\CourierPages.css", "PostCSS", 663, 0, 0, 0, 0, 0, 0, 0, 0, 27, 79, 769
"c:\Users\Ignas\Desktop\KTU\VIII semestras\Bakalauro baigiamasis projektas\Siuntų valdymo posistemė\frontend\react-app\src\styles\Dashboard.css", "PostCSS", 664, 0, 0, 0, 0, 0, 0, 0, 0, 18, 107, 789
"c:\Users\Ignas\Desktop\KTU\VIII semestras\Bakalauro baigiamasis projektas\Siuntų valdymo posistemė\frontend\react-app\src\styles\DataTable.css", "PostCSS", 185, 0, 0, 0, 0, 0, 0, 0, 0, 0, 31, 216
"c:\Users\Ignas\Desktop\KTU\VIII semestras\Bakalauro baigiamasis projektas\Siuntų valdymo posistemė\frontend\react-app\src\styles\DropdownMenu.css", "PostCSS", 46, 0, 0, 0, 0, 0, 0, 0, 0, 0, 8, 54
"c:\Users\Ignas\Desktop\KTU\VIII semestras\Bakalauro baigiamasis projektas\Siuntų valdymo posistemė\frontend\react-app\src\styles\Footer.css", "PostCSS", 41, 0, 0, 0, 0, 0, 0, 0, 0, 0, 11, 52
"c:\Users\Ignas\Desktop\KTU\VIII semestras\Bakalauro baigiamasis projektas\Siuntų valdymo posistemė\frontend\react-app\src\styles\FormPageLayout.css", "PostCSS", 31, 0, 0, 0, 0, 0, 0, 0, 0, 0, 3, 34
"c:\Users\Ignas\Desktop\KTU\VIII semestras\Bakalauro baigiamasis projektas\Siuntų valdymo posistemė\frontend\react-app\src\styles\Header.css", "PostCSS", 8, 0, 0, 0, 0, 0, 0, 0, 0, 0, 0, 8
"c:\Users\Ignas\Desktop\KTU\VIII semestras\Bakalauro baigiamasis projektas\Siuntų valdymo posistemė\frontend\react-app\src\styles\LockerPicker.css", "PostCSS", 202, 0, 0, 0, 0, 0, 0, 0, 0, 9, 10, 221
"c:\Users\Ignas\Desktop\KTU\VIII semestras\Bakalauro baigiamasis projektas\Siuntų valdymo posistemė\frontend\react-app\src\styles\Navbar.css", "PostCSS", 15, 0, 0, 0, 0, 0, 0, 0, 0, 0, 3, 18
"c:\Users\Ignas\Desktop\KTU\VIII semestras\Bakalauro baigiamasis projektas\Siuntų valdymo posistemė\frontend\react-app\src\styles\NotificationsPanel.css", "PostCSS", 352, 0, 0, 0, 0, 0, 0, 0, 0, 23, 58, 433
"c:\Users\Ignas\Desktop\KTU\VIII semestras\Bakalauro baigiamasis projektas\Siuntų valdymo posistemė\frontend\react-app\src\styles\OrderDetail.css", "PostCSS", 578, 0, 0, 0, 0, 0, 0, 0, 0, 19, 100, 697
"c:\Users\Ignas\Desktop\KTU\VIII semestras\Bakalauro baigiamasis projektas\Siuntų valdymo posistemė\frontend\react-app\src\styles\Profile.css", "PostCSS", 607, 0, 0, 0, 0, 0, 0, 0, 0, 142, 110, 859
"c:\Users\Ignas\Desktop\KTU\VIII semestras\Bakalauro baigiamasis projektas\Siuntų valdymo posistemė\frontend\react-app\src\styles\ReturnFormModal.css", "PostCSS", 500, 0, 0, 0, 0, 0, 0, 0, 0, 21, 45, 566
"c:\Users\Ignas\Desktop\KTU\VIII semestras\Bakalauro baigiamasis projektas\Siuntų valdymo posistemė\frontend\react-app\src\styles\ReturnsList.css", "PostCSS", 395, 0, 0, 0, 0, 0, 0, 0, 0, 26, 37, 458
"c:\Users\Ignas\Desktop\KTU\VIII semestras\Bakalauro baigiamasis projektas\Siuntų valdymo posistemė\frontend\react-app\src\styles\RightDrawerSidebar.css", "PostCSS", 787, 0, 0, 0, 0, 0, 0, 0, 0, 61, 146, 994
"c:\Users\Ignas\Desktop\KTU\VIII semestras\Bakalauro baigiamasis projektas\Siuntų valdymo posistemė\frontend\react-app\src\styles\ShipmentLabels.css", "PostCSS", 164, 0, 0, 0, 0, 0, 0, 0, 0, 9, 25, 198
"c:\Users\Ignas\Desktop\KTU\VIII semestras\Bakalauro baigiamasis projektas\Siuntų valdymo posistemė\frontend\react-app\src\styles\ShipmentMap.css", "PostCSS", 48, 0, 0, 0, 0, 0, 0, 0, 0, 2, 7, 57
"c:\Users\Ignas\Desktop\KTU\VIII semestras\Bakalauro baigiamasis projektas\Siuntų valdymo posistemė\frontend\react-app\src\styles\ShipmentRegistration.css", "PostCSS", 23, 0, 0, 0, 0, 0, 0, 0, 0, 2, 4, 29
"c:\Users\Ignas\Desktop\KTU\VIII semestras\Bakalauro baigiamasis projektas\Siuntų valdymo posistemė\frontend\react-app\src\styles\SidebarLeft.css", "PostCSS", 374, 0, 0, 0, 0, 0, 0, 0, 0, 11, 85, 470
"c:\Users\Ignas\Desktop\KTU\VIII semestras\Bakalauro baigiamasis projektas\Siuntų valdymo posistemė\frontend\react-app\src\styles\SignInButtons.css", "PostCSS", 388, 0, 0, 0, 0, 0, 0, 0, 0, 15, 23, 426
"c:\Users\Ignas\Desktop\KTU\VIII semestras\Bakalauro baigiamasis projektas\Siuntų valdymo posistemė\frontend\react-app\src\styles\SmartForm.css", "PostCSS", 858, 0, 0, 0, 0, 0, 0, 0, 0, 21, 136, 1015
"c:\Users\Ignas\Desktop\KTU\VIII semestras\Bakalauro baigiamasis projektas\Siuntų valdymo posistemė\frontend\react-app\src\styles\StatusBadge.css", "PostCSS", 67, 0, 0, 0, 0, 0, 0, 0, 0, 11, 10, 88
"c:\Users\Ignas\Desktop\KTU\VIII semestras\Bakalauro baigiamasis projektas\Siuntų valdymo posistemė\frontend\react-app\src\styles\TableToolbar.css", "PostCSS", 101, 0, 0, 0, 0, 0, 0, 0, 0, 3, 20, 124
"c:\Users\Ignas\Desktop\KTU\VIII semestras\Bakalauro baigiamasis projektas\Siuntų valdymo posistemė\frontend\react-app\src\styles\TrackingPage.css", "PostCSS", 289, 0, 0, 0, 0, 0, 0, 0, 0, 16, 41, 346
"c:\Users\Ignas\Desktop\KTU\VIII semestras\Bakalauro baigiamasis projektas\Siuntų valdymo posistemė\frontend\react-app\src\styles\UserHome.css", "PostCSS", 324, 0, 0, 0, 0, 0, 0, 0, 0, 9, 48, 381
"c:\Users\Ignas\Desktop\KTU\VIII semestras\Bakalauro baigiamasis projektas\Siuntų valdymo posistemė\frontend\react-app\src\styles\UserPage.css", "PostCSS", 24, 0, 0, 0, 0, 0, 0, 0, 0, 0, 3, 27
"c:\Users\Ignas\Desktop\KTU\VIII semestras\Bakalauro baigiamasis projektas\Siuntų valdymo posistemė\frontend\react-app\src\styles\validation-styles.css", "PostCSS", 81, 0, 0, 0, 0, 0, 0, 0, 0, 9, 14, 104
"Total", "-", 9654, 12238, 3557, 38, 20, 2, -8884, -2875, -19, 186, 825, 14742